<?xml version="1.0" encoding="UTF-8"?>

   <language version="1.0" htmlParse="true">
;

        <!-- misc -->
        <item id="btnContinue">Ga verder..</item>
        <item id="btnclose">Sluiten</item>
        <item id="btnHelp">Help mij!</item>
        <item id="btnAgreement">Eens</item>
        <item id="btnNeutral">Neutraal</item>
        <item id="btnDisagreement">Oneens</item>
        <item id="btnTransfer">Indienen</item>
        <item id="btnExit">Sluiten</item>
        <item id="selectItem">Selecteer alstublieft..</item>
        
        <!-- Warning when user is trying to leave the page (this item was added for HtmlQ) -->
        <item id="leaveSiteWarning">Uw antwoorden zullen verloren gaan.</item>

        <!-- HtmlQ only: In-App Back Button -->
        <item id="backButton">Terug</item>
        <item id="fillInRequiredFields">Vul alstublieft alle verplichte velden in.</item>

        <!-- errors -->
        <item id="errorHead">Error!</item>
        <item id="errorWindowTooSmall">Vergroot uw scherm voor gebruik van deze applicatie.</item>

        <!-- welcome screen (leave blank to skip screen) -->
        <item id="welcomeHead">Welkom!</item>
        <item id="welcomeText">Hartelijk dank dat u wilt deelnemen aan dit onderzoek.</item>

        <!-- user login, only displayed if access is restricted (see config-file) -->
        <item id="loginHead">Access Code</item>
        <item id="loginText">Please enter the access code for this survey.</item>
        <item id="loginFormHeader">Access Code</item>
        <item id="loginPartIdText">Your name or survey id number</item>
        <item id="loginNoInput">Please insert the access code.</item>
        <item id="loginInvalidInput">Access code invalid</item>
        <item id="loginNoConnection">Connection to server failed. Please try again.</item>

        <!-- introduction (leave blank to skip popup) -->
        <item id="introHead">Introductie</item>
        <item id="introText">Graag wil ik weten welke perspectieven er zijn over XXX {br} 
Situatieschets XXX {br} 
Uw bijdrage geeft u door stellingen te rangschikken waarmee kan ik de perspectieven onderzoeken.{br}
Wij zijn van mening dat er geen bekende risico's zijn verbonden aan dit onderzoek. Zoals bij elke online gerelateerde activiteit is het risico van een inbreuk echter altijd mogelijk. Uw antwoorden zullen anoniem worden verzameld en naar mijn beste vermogen vertrouwelijk blijven. Wij zullen eventuele risico’s minimaliseren door de verzamelde data na de afronding van het onderzoek te verwijderen. De verzamelde data kan gebruikt worden voor het schrijven van ons rapport over de perspectieven die er zijn ten aanzien van de adoptie van gekwalificeerd digitaal tekenen in de zorg. {br}{br}
Uw deelname aan dit onderzoek is geheel vrijwillig en u kunt zich op elk moment terugtrekken. Het invullen duurt ongeveer 15 minuten.{br}{br}
Mocht u vragen hebben of meer informatie willen verkrijgen,{br}
Neemt u dan contact met ons op,{br}
Nogmaals dank,{br}{br}
Tessa Huijsinga, Madelon van Haften en Thomas Swuste</item>

        <!-- step1: rough sorting into three piles (leave blank to skip popup)-->
        <item id="step1Head">Stap 1 van 4</item>
        <item id="step1Text">De volgende 16 stellingen gaan over XXX. 
  {br}U wordt gevraagd deze stellingen te rangschikken op basis van de mate waarin u het eens bent met de stellingen. Hierna volgen een aantal vragen over uw achtergrond. 
{br}{br} Lees de stellingen  nauwkeurig en verdeel ze in drie categorieën:
{br}{br}- stellingen waar u het mee oneens bent;
{br}{br}- stellingen waar u neutraal over ben;
{br}{br}- stellingen waar u het mee eens bent.
{br}{br}U kunt de stellingen naar de gewenste categorie slepen of u kunt de toetsen 1, 2 of 3 gebruiken (let op: mogelijk moet u de numlock op uw toetsenbord uitzetten om de toetsen 1, 2 of 3 te kunnen gebruiken).
{br}Let op! Sommige stelling zijn te lang om in één keer te kunnen lezen. Plaats deze dan in één van de categorieën, dan kun je de stelling volledig lezen. Daarna kun je de stelling nog naar een andere categorie verplaatsen.
{br}U kunt uw voorkeur later nog veranderen.
Als u deze instructie nog een keer wilt lezen, druk dan op 'Help' in de hoek rechtsonder van uw beeldscherm. 
{br}{br} Als u de tekst van de introductie nog eens wilt lezen, klik dan op de knop 'Terug' linksonder in het scherm.</item>

        <!-- step2: sorting (leave blank to skip popup) -->
        <item id="step2Head">Stap 2 van 4</item>
        <item id="step2Text">Neem de stellingen uit de categorie 'Mee eens' en lees ze nog een keer. U kunt door de stellingen heen scrollen door gebruik te maken van de scroll- balk. Selecteer vervolgens de stelling waar u het het meest mee eens bent en plaats deze aan de rechterkant van de scorekaart, onder de '+5'.
{br}{br}Lees daarna de stellingen in de categorie 'Mee oneens' nogmaals. Selecteer wederom de stelling waar u het het meest mee oneens bent en plaats deze aan de linkerkant van de scorekaart onder '-5'.
{br}{br}Selecteer vervolgens de stellingen waar u het daarna het meest mee eens/oneens bent en plaats deze onder '+4'/'-4'. Ga op deze manier door met het invullen van de stellingen aan de 'Mee oneens' en 'Mee eens' zijdes van de scorekaart tot de stellingen op zijn.
{br}{br}Lees tenslotte de stellingen uit de categorie 'Neutraal' nogmaals. Leg de stellingen zo op de resterende vakken neer dat alle stellingen gerangschikt liggen van meest mee oneens (links) naar meest mee eens (rechts).
{br}{br}Zodra alle stellingen in een vakje zijn geplaatst verschijnt er een 'Ga Verder..' knop in het scherm.</item>
        <item id="step2CondOfInstruc">Sorteer de kaarten op basis van uw perspectief op xxx</item>
        
        <!-- step3: check sorting, only displayed if showStep3== true (see config-file; leave blank to skip popup)-->
        <item id="step3Head">Stap 3 van 5</item>
        <item id="step3Text">U heeft nu alle stellingen op de scorekaart geplaatst. Bekijk uw verdeling nogmaals en verschuif of wissel stellingen eventueel nog.</item>
        <item id="step3CondOfInstruc">Sorteer de kaarten op basis van uw perspectief op xxx </item>

        <!-- step4: comments on best/worst rated statements, only displayed if showStep4== true (see config-file; leave blank to skip popup) -->
        <item id="step4Head">Stap 3 van 4</item>
        <item id="step4Text">Leg alstublieft in een paar zinnen uit waarom u het meest eens en oneens bent met de stellingen onder '+3' en '-3'.</item>

        <!-- step5: additional questions, only displayed if showStep5== true (see config-file; leave blank to skip popup)-->
        <item id="step5Head">Stap 4 van 4</item>
        <item id="step5Text">Ten slotte volgen nog een paar vragen over uw persoonlijke kenmerken en achtergrond.</item>

        <!-- data transfer, only displayed if submitUrl is not blank (see config-file) -->
        <item id="transferHead">Afronden vragenlijst</item>
        <item id="transferText">U heeft de vragenlijst afgerond. Stuur uw antwoorden nu op. {br}{br} Wij danken u hartelijk voor uw medewerking</item>
        <item id="transferFailed">Data submission failed. Please try again.</item>
        <item id="transferOk">Dank voor het opsturen van uw antwoorden.</item>   
   </language>