<?xml version="1.0" encoding="UTF-8"?>

   <statements version="1.0" htmlParse="false">
<statement id="1">A </statement>
<statement id="2">B </statement>
<statement id="3">C </statement>
<statement id="4">D </statement>
<statement id="5">E</statement>
<statement id="6">F</statement>
<statement id="7">G </statement>
<statement id="8">H </statement>
<statement id="9">I</statement>
<statement id="10">J </statement>
<statement id="11">K </statement>
<statement id="12">L </statement>
<statement id="13">M </statement>
<statement id="14">N </statement>
<statement id="15">O </statement>
<statement id="16">P </statement>
 </statements>